{
  "main": {
    "id": "1e01cc22e6462928",
    "type": "split",
    "children": [
      {
        "id": "0475ac908a5bb347",
        "type": "tabs",
        "children": [
          {
            "id": "a07a94bd1d0efbcd",
            "type": "leaf",
            "state": {
              "type": "markdown",
              "state": {
                "file": "Silent Hill f.md",
                "mode": "source",
                "source": false
              },
              "icon": "lucide-file",
              "title": "Silent Hill f"
            }
          }
        ]
      }
    ],
    "direction": "vertical"
  },
  "left": {
    "id": "287f2d4de1a54097",
    "type": "split",
    "children": [
      {
        "id": "eaac8bc379d5403f",
        "type": "tabs",
        "children": [
          {
            "id": "5dd2873662a73e84",
            "type": "leaf",
            "state": {
              "type": "file-explorer",
              "state": {
                "sortOrder": "alphabetical",
                "autoReveal": false
              },
              "icon": "lucide-folder-closed",
              "title": "Files"
            }
          },
          {
            "id": "bdf780bcc4c9ab9c",
            "type": "leaf",
            "state": {
              "type": "search",
              "state": {
                "query": "",
                "matchingCase": false,
                "explainSearch": false,
                "collapseAll": false,
                "extraContext": false,
                "sortOrder": "alphabetical"
              },
              "icon": "lucide-search",
              "title": "Search"
            }
          },
          {
            "id": "8ee749f04e900c00",
            "type": "leaf",
            "state": {
              "type": "bookmarks",
              "state": {},
              "icon": "lucide-bookmark",
              "title": "Bookmarks"
            }
          }
        ]
      }
    ],
    "direction": "horizontal",
    "width": 200
  },
  "right": {
    "id": "5f221521d1696b3c",
    "type": "split",
    "children": [
      {
        "id": "bb8608d40f9d5877",
        "type": "tabs",
        "children": [
          {
            "id": "b68d2feaed5792ba",
            "type": "leaf",
            "state": {
              "type": "backlink",
              "state": {
                "file": "test/Joke Note.md",
                "collapseAll": false,
                "extraContext": false,
                "sortOrder": "alphabetical",
                "showSearch": false,
                "searchQuery": "",
                "backlinkCollapsed": false,
                "unlinkedCollapsed": true
              },
              "icon": "links-coming-in",
              "title": "Backlinks for Joke Note"
            }
          },
          {
            "id": "f9941196ff4122e5",
            "type": "leaf",
            "state": {
              "type": "outgoing-link",
              "state": {
                "file": "test/hello word.md",
                "linksCollapsed": false,
                "unlinkedCollapsed": true
              },
              "icon": "links-going-out",
              "title": "Outgoing links from hello word"
            }
          },
          {
            "id": "ae745869b563d6fa",
            "type": "leaf",
            "state": {
              "type": "tag",
              "state": {
                "sortOrder": "frequency",
                "useHierarchy": true,
                "showSearch": false,
                "searchQuery": ""
              },
              "icon": "lucide-tags",
              "title": "Tags"
            }
          },
          {
            "id": "d28c3e9537e1eeea",
            "type": "leaf",
            "state": {
              "type": "outline",
              "state": {
                "file": "Silent Hill f.md",
                "followCursor": false,
                "showSearch": false,
                "searchQuery": ""
              },
              "icon": "lucide-list",
              "title": "Outline of Silent Hill f"
            }
          }
        ],
        "currentTab": 3
      }
    ],
    "direction": "horizontal",
    "width": 234.5
  },
  "left-ribbon": {
    "hiddenItems": {
      "switcher:Open quick switcher": false,
      "graph:Open graph view": false,
      "canvas:Create new canvas": false,
      "daily-notes:Open today's daily note": false,
      "templates:Insert template": false,
      "command-palette:Open command palette": false,
      "bases:Create new base": false
    }
  },
  "active": "a07a94bd1d0efbcd",
  "lastOpenFiles": [
    "The Curve Conference 2025.md",
    "Silent Hill f.md",
    "Nintendo Switch 2.md",
    "Web Search APIs Comparison.md",
    "Z.ai.md",
    "OpenAI and Broadcom Chip Deal.md",
    "Knowledge Workers Market Size.md",
    "Fibonacci Sequences.md",
    "Claude Sonnet 4.5.md",
    "Sora 2.md",
    "Recursion.md",
    "OpenAI Dev Day 2025.md",
    "OpenAI Dev Day 2024.md",
    "Web Search APIs Comparison.md.tmp.28164.1760246977809",
    "Web Search APIs Comparison.md.tmp.28164.1760246937494",
    "Web Search APIs Comparison.md.tmp.28164.1760246928823",
    "Web Search APIs Comparison.md.tmp.28164.1760246919400",
    "Web Search APIs Comparison.md.tmp.28164.1760246910254",
    "Web Search APIs Comparison.md.tmp.28164.1760246779693",
    "Web Search APIs Comparison.md.tmp.28164.1760246754580",
    "test/More Tech Jokes.md",
    "Web Search APIs Comparison.md.tmp.28164.1760246555063",
    "Web Search APIs Comparison.md.tmp.28164.1760246548210",
    "Web Search APIs Comparison.md.tmp.28164.1760246542261",
    "test/Joke Note.md",
    "test/hello word.md",
    "Welcome.md"
  ]
}